source_file,source_row,comment_id,post_id,comment_text,title_youtube,source_query,labeled_at,temperature_group
batch_222_1777698732.csv,183,Ugy86h6cZghE4O2scxt4AaABAg,RM1Iy0FKKd0,Overall a very nice introduction to Nine circles levels.,"Problematic, but with a difficulty meter...",problematic song,,0.0
batch_150_1777698236.csv,413,UgxxZhrAK7rpVVIongh4AaABAg,refL0XlBJm8,"This kind of mistake is what happens when your company is run by sloppy, incompetent, amateurs who are so obsessed with their agenda, they cant do the minimum amount to keep from being negligent. Selfish, entitled children who never think about anyone or anything but themselves, leave a mess everywhere they go....",Lucasfilm Gets SUED Over Indiana Jones | Huge Box Office FLOP Gets Even WORSE For Disney,box office flop movie,,0.0
batch_272_1777699129.csv,796,UgyhD3DfX0ezaZaTB0d4AaABAg,XKPAzTPsWrw,These visuals are everything,Ariana Grande - twilight zone,Ariana Grande official music video,,0.0
batch_33_1777697390.csv,1151,UgzkBJfgaw39ZX2aYLZ4AaABAg,_SdshlZk-po,we love you Freya and incredibly proud,Freya Skye - golden boy (Stars Align Tour: Live from London),tour live performance,,0.0
batch_322_1777699519.csv,478,UggvnEDD3ic18XgCoAEC,nnReaaJwloI,Currently pregnant with my first baby...<br>Perching on a chair like that is the only way I&#39;m comfortable at the minute (I&#39;m about her size) as you her terrible back/leg cramp!<br>Kudos to her for doing this whole performance! I&#39;m exhausted at the minute.,Beyoncé - I Care (Live at Roseland),Beyonce live performance,,0.0
batch_29_1777697359.csv,1133,UgzJjIpqa5BexNGnEER4AaABAg,P5JLMp08GC0,"Somebody should tell the editor of this video that saturation values lower than 100 are not only acceptable, but also very much desirable.",[FULL • 4K] Taylor Swift • The 1989 World Tour Live (Remastered) • EAS Channel,tour live performance,,0.0
batch_343_1777699691.csv,1114,Ugx6s-oWlKNTT3-E7894AaABAg,cnGW8NR-toE,Billie eilish: likes ladder (high ladders)<br>Me:scare at heights,Billie Eilish - Bored (Official Music Video),Billie Eilish official music video,,0.0
batch_159_1777698310.csv,1034,UgznvkN48fjnbrSeBDV4AaABAg,3syUejwzd3Q,"&quot;The lion head just flies into the wall and dies, and then turns into a snickers bar&quot;<br>Best line ever",What the HELL is Joshua and the Promised Land? (The WORST Animated Movie Ever),worst movie ever,,0.0
batch_333_1777699623.csv,262,Ugy4-NhEmawPnJ3aFRR4AaABAg,238BJdgmHas,People often say Beyoncé is overrated but I think she’s the biggest underrated artist of all time,BEYONCÉ BRINGS THE ATTITUDE!!! | Beyoncé & Jay-Z *LIVE* On The Run Tour 2014 | FIRST TIME REACTION!!,Beyonce reaction,,0.0
batch_350_1777699739.csv,772,Ugw1g9g30onx-cvZseJ4AaABAg,_IjWFq1c5M4,She&#39;s just exceptional ❤❤❤,Billie Eilish - BLUE (Official Lyric Video),Billie Eilish official music video,,0.0
batch_52_1777697527.csv,1058,UgxE1ZiSXN_CMbtlFap4AaABAg,xAWDqdpOlu8,"Her voice is incredible. The backups singers perfectly blend. She is such an amazing performer, I’ve been watching this on a loop and singing along for hours. Unreal",Billie Eilish – WILDFLOWER (Live Performance from Amazon Music’s Songline),live session performance,,0.0
batch_343_1777699691.csv,300,Ugx3IVEI6IRT5WmOfJd4AaABAg,Ah0Ys50CqO8,I like the spider that comes out of her mouth,Billie Eilish - you should see me in a crown (Vertical Video),Billie Eilish official music video,,0.0
batch_44_1777697475.csv,82,UgzHgyfYiNkw5nz-AXx4AaABAg,EUIUEBLSMt0,"November 2025 , anyone ?",Careless Whisper GOES HEAVY - STATE of MINE (@georgemichael METAL Cover),cover version song,,0.0
batch_168_1777698374.csv,324,UgxTioUKDKjmHAOmPQp4AaABAg,H2hel1d7l6w,Guys start recommending him the Amazing Bulk and Velocipastor. He must know what true terrible movies look like.,Genuinely The Worst Movie I've Ever Seen,bad movie review,,0.0
batch_207_1777698636.csv,314,UgyJHAhct8dZcx4sIXR4AaABAg,YzIl50S920A,1-800 is not that bad tbh,WORST song every year #worst #song #rap #review #hiphop,worst song ever,,0.0
batch_293_1777699272.csv,1119,UgxAvKQE7S75RfIk87x4AaABAg,-ZA9EqbHzbE,❤,"Ariana Grande - yes, and? (live version)",Ariana Grande live performance,,0.0
batch_93_1777697812.csv,593,UgxYyvsH745Hl8fQmQl4AaABAg,al8eztwE_pQ,You just know the theater experience will be full of laughter for this one. Gonna be a fun night  😂,Scary Movie | Official Trailer (2026),official movie trailer,,0.0
batch_151_1777698249.csv,1000,UgzoeVStRjgZNCA9Wbl4AaABAg,mi4QfOFV3ys,Thanks for 67k subscribe,Bagghi 4 🥵 Again FLOP 🧐 #baaghi4 #baaghi #baaghi2 #baaghi3 #tigershroff #youtubeshorts #shorts,box office flop movie,,0.0
batch_336_1777699646.csv,825,UgxgPcXefqlqdbT2Cip4AaABAg,MB3VkzPdgLA,<b>She ate this song like lunch</b>,Billie Eilish - LUNCH (Official Music Video),Billie Eilish official music video,,0.0
batch_157_1777698295.csv,42,UgwpWmN4KVocsAeC-IV4AaABAg,T8fAquggNl8,Christian obviously needed the little girl toys to lure his next girlfriend. Thank God it worked out with the main adult character.,The Worst Christmas Movie I've Ever Seen,worst movie ever,,0.0
batch_363_1777699828.csv,975,UgxBg7tXcCtrQ-PHkzp4AaABAg,b_rn7bwD8qQ,Very beautiful video,Billie Eilish - Happier Than Ever (From Disney’s Happier Than Ever: A Love Letter To LA),Billie Eilish live performance,,0.0
batch_59_1777697578.csv,474,UgxW5czwL19oWsvtCVh4AaABAg,SQNtGoM3FVU,Can&#39;t believe I&#39;m just discovering this absolute legend of a woman,JINJER - Pisces (Live Session) | Napalm Records,live session performance,,0.0
batch_364_1777699835.csv,717,UgyYyqkcFzepZcVcPy54AaABAg,eMD_XbJ1g1k,The hair ❤❤❤❤,Billie Eilish - everything i wanted (Live from Global Citizen Power Our Planet in Paris),Billie Eilish live performance,,0.0
batch_352_1777699754.csv,59,UgyM-JtlvwNGz3gGwPR4AaABAg,hJeNfNtbUeY,"<a href=""https://www.youtube.com/watch?v=hJeNfNtbUeY&amp;t=136"">2:16</a> that vocal riff OMG 😍","Billie Eilish - WILDFLOWER (Live From The iHeartRadio Music Awards, 2025)",Billie Eilish live performance,,0.0
batch_156_1777698287.csv,1056,Ugwoajma56lP1hD2E-Z4AaABAg,k27mr6p-yhY,I love that one of the re-screening adverts sad &#39;the prince Charles of cinema&#39;,Why people keep watching the worst movie ever made,worst movie ever,,0.0
batch_229_1777698777.csv,266,UgyFAWZmFKwXieYKTCN4AaABAg,z7F3xJN7_yw,I also took a friend to this movie and the guilt is unbearable,"the new mean girls is really bad, you guys",negative music review,,0.0
batch_55_1777697548.csv,269,UgyquH424mHGaxVqv4d4AaABAg,3xT2eWQYaUM,studio and live — their vocals are amazing.,Lucky Daye - How Much Can A Heart Take Ft. Yebba (Live Performance),live session performance,,0.0
batch_238_1777698861.csv,324,Ugyjn1-NBSMznKCg5nx4AaABAg,08DjMT-qR9g,"Welp, im back to chasing pavement.",Adele - Chasing Pavements (Official Music Video),Adele official music video,,0.0
batch_350_1777699739.csv,551,UgzXcS7T04ralljmjFl4AaABAg,_IjWFq1c5M4,THE END OF BITTERSUIT TOGETHER WITH THE BEGINNING OF BLUE WAS A HUGE GIFT FOR THE FANS!! BILLIE EILISH YOU ARE GENIUS AND I LOVE YOU,Billie Eilish - BLUE (Official Lyric Video),Billie Eilish official music video,,0.0
batch_209_1777698650.csv,1114,UgymqQhNIoCkXeetxvp4AaABAg,Sf0z5A29flQ,worse than road rage and trouble is crazy,EMINEM’S WORST SONG 🤦‍♂️,worst song ever,,0.0
batch_42_1777697461.csv,303,Ugx7rKLJVVWpbJWROXR4AaABAg,m3lF2qEA2cw,"Lyrics:<br><br>When you were here before<br>Couldn&#39;t look you in the eye<br>You&#39;re just like an angel<br>Your skin makes me cry<br>You float like a feather<br>In a beautiful world<br>I wish I was special<br>You&#39;re so fuckin&#39; special<br>But I&#39;m a creep<br>I&#39;m a weirdo<br>What the hell am I doin&#39; here?<br>I don&#39;t belong here<br>I don&#39;t care if it hurts<br>I wanna have control<br>I want a perfect body<br>I want a perfect soul<br>I want you to notice<br>When I&#39;m not around<br>So fuckin&#39; special<br>I wish I was special<br>But I&#39;m a creep<br>I&#39;m a weirdo<br>What the hell am I doin&#39; here?<br>I don&#39;t belong here<br>She&#39;s running out the door (run)<br>She&#39;s running out<br>She run, run, run, run,<br>Run...<br>Whatever makes you happy<br>Whatever you want<br>You&#39;re so fuckin&#39; special<br>I wish I was special<br>But I&#39;m a creep<br>I&#39;m a weirdo<br>What the hell am I doin&#39; here?<br>I don&#39;t belong here<br>I don&#39;t belong here",Creep - Vintage Postmodern Jukebox Radiohead Cover ft. Haley Reinhart,cover version song,,0.0
batch_282_1777699198.csv,434,Ugyo3HQEAjgqOOLGm3J4AaABAg,uL52DajINdY,This girl is really singing her way through the 5 stages of grief.,Ariana Grande - positions (Official Live Performance) | Vevo,Ariana Grande live performance,,0.0
batch_42_1777697461.csv,291,UgwUoUnNBlwAj5-Dx_t4AaABAg,m3lF2qEA2cw,Provably half of the views are mine,Creep - Vintage Postmodern Jukebox Radiohead Cover ft. Haley Reinhart,cover version song,,0.0
batch_321_1777699513.csv,1254,UgxgUn0uzhGZb46D5ah4AaABAg,4aeDlZOD-B0,This performance deserves an award. No one has put together a better performance so far. I&#39;m sorry,"Be Alive (Original Song from the Motion Picture ""King Richard"") (94th Academy Awards Performance)",Beyonce live performance,,0.0
batch_287_1777699232.csv,1092,UgzX7Ky9GLX1MgEvend4AaABAg,zp8-BhMCnTA,Queen of pop forever,Ariana Grande - Honeymoon Avenue (Live from London),Ariana Grande live performance,,0.0
batch_271_1777699121.csv,476,UgxMvEfAOaHRQcK45hN4AaABAg,BPgEgaPk62M,Anyone Feb 2026?,Ariana Grande - One Last Time (Official Video),Ariana Grande official music video,,0.0
batch_340_1777699672.csv,321,UgyiFc2Ra9q3WOB7YG14AaABAg,huGd4efgdPA,"The moment Billie is saying she’d “hit it” and Charli flips her hair, omg so good, such a great moment.  This entire video is amazing.",Charli xcx - Guess featuring billie eilish (official video),Billie Eilish official music video,,0.0
batch_288_1777699240.csv,296,Ugxau4WdfqMMWoVLSP94AaABAg,GwWaFgu8q2w,Ariana never disappoints the viewers...,Ariana Grande - Santa Tell Me (live version),Ariana Grande live performance,,0.0
batch_228_1777698770.csv,624,UgwKlqS8zPxKz2EJ-jV4AaABAg,U8dcFhF0Dlk,Not me getting a goddamn suno advert in the middle of this video...,"Suno, AI Music, and the Bad Future",negative music review,,0.0
batch_159_1777698310.csv,397,UgyWVj3qL2m8O19IW8Z4AaABAg,8Kv1RFGRrxE,"<a href=""https://www.youtube.com/watch?v=8Kv1RFGRrxE&amp;t=92"">1:32</a> yeah moths are scary, i mean just play hollow knight",Genuinely The Worst Shark Movie I've Ever Seen,worst movie ever,,0.0
batch_275_1777699149.csv,1170,Ugxkc8cT-QKXc8NktBV4AaABAg,OQitfe8u7i4,"Me <b>*walks into forest at night*</b><br>Nicki Minaj: <b>*shows up out of nowhere*</b><br>Me: <a href=""https://www.youtube.com/watch?v=OQitfe8u7i4&amp;t=80"">1:20</a>",Ariana Grande - the light is coming ft. Nicki Minaj,Ariana Grande official music video,,0.0
batch_216_1777698701.csv,1030,UgwyenXiuHVH-aRCcRN4AaABAg,i-qSsUg4134,Im a boy but i am from floptroica,#floptropica #flop #shortsvideo,music flop,,0.0
batch_228_1777698770.csv,147,UgzDWfW7uKZlxrOnjNp4AaABAg,Hq8qG2J9EJM,"bro, you make such good stuff, the only reason you haven&#39;t blown up is cause of consistency, but you make my day any time you upload. Keep doing what you&#39;re doing, one day you&#39;ll get the pace","The ""Bad"" Internet Music Iceberg Explained (And Ranked)",negative music review,,0.0
batch_169_1777698380.csv,170,UgzYG9lFHlzLF6pwtWp4AaABAg,pRFev3EXbq0,If its not a Weird Al Biopic formula then Im not interested,The Michael Jackson Movie Is Shockingly Bad (Full Review),bad movie review,,0.0
batch_220_1777698718.csv,483,UgzNmYphZaaas8gq1jp4AaABAg,X5Jht8Bsg_Y,I honestly feel this way everyday and your music helps so much I&#39;m so grateful for you being here and helping your music has gotten me through hard times and I just listen to the words you spit and see the truth in them,Problematic - Sober (Official Video),problematic song,,0.0
batch_265_1777699078.csv,234,Ugy9_hyNdbcr0NnIDV94AaABAg,eB6txyhHFG4,A cada curtida eu volto pra escutar esse lindo hino ❤💋,"Ariana Grande - yes, and? (official music video)",Ariana Grande official music video,,0.0
batch_211_1777698665.csv,1091,UgzkT747Hdlx3IgTHn94AaABAg,4uDlOoSMH88,Simple Plan in a nutshell.,Kyle Gordon – My Life (Is the Worst Life Ever) [feat. Our Wounded Courtship] [Official Music Video],worst song ever,,0.0
batch_290_1777699252.csv,486,UgySh7jQGZiXKTEDGYp4AaABAg,4-uUieI7ipg,I can surely tell that this song sounds a waaaaaay better live than audio 😍 I&#39;m in love 💞,Ariana Grande - Tattooed Heart (Live on the Honda Stage at the iHeartRadio Theater LA),Ariana Grande live performance,,0.0
batch_159_1777698310.csv,669,UgzpYFg_WqmuA95lr3F4AaABAg,fg2vMviS7ao,"Kinda incredible how the careers of so many people skyrocketed after this. Not that they did any great movies, or even any movies, after this. But at least they went from being in a seagal movie, to not being in a seagal movie, thats an insane improvement.",Seagal's Under Siege 2 Robbed Us Of Our Innocence - Worst Movie Ever,worst movie ever,,0.0
batch_95_1777697825.csv,434,UgwHNlyBz1ODz8iCkzZ4AaABAg,OJ19I9q_hOQ,Imagine if movies were lighted these days?,The Invite | Official Trailer HD | A24,official movie trailer,,0.0
batch_175_1777698420.csv,880,UgzxdTLKlEy_XnFYINN4AaABAg,xEuBkeolQs0,Stereotypical cartoon dad is that you?!?!?,This 90's Christmas Movie is Hilariously Bad,bad movie review,,0.0
batch_266_1777699086.csv,903,Ugw8S_CFmxKpfqbWj2h4AaABAg,nlR0MkrRklg,All i want to for christmas is the end of this coronavirus.,Ariana Grande - Santa Tell Me (Official Video),Ariana Grande official music video,,0.0
batch_177_1777698434.csv,825,UgxFYUBo9_yAN38DfiJ4AaABAg,hxH1f9CPgeM,This shit isn&#39;t even babies first blender project 😔 blenders presets would make it look better,This Animated Christian Movie is Beyond Bad,bad movie review,,0.0
batch_153_1777698265.csv,165,UgwCgLD2CrZ7qxg6j4x4AaABAg,A4UxYQFYcGQ,"“Without the data, we’ll go back to the Stone Age”… ??? Does the data being removed remove our intelligence and memories too? What about paper copies of things? We could just recreate them lol",The Worst Movie Ever Made...,worst movie ever,,0.0
batch_163_1777698336.csv,154,UgyFust87DNfiboG0h54AaABAg,ZLHqvlGJWMw,"<a href=""https://www.youtube.com/watch?v=ZLHqvlGJWMw&amp;t=797"">13:17</a> that sound really cracks me up",The WORST Animated Movies Ever Made - Diamondbolt,worst movie ever,,0.0
batch_166_1777698360.csv,458,Ugy4wznkFnSjfvbLa3R4AaABAg,YouiRWF8Ex8,Okay but that Sonic&#39;s personality was on point though 😂,What Is The Worst MCU Movie?,worst movie ever,,0.0
batch_176_1777698427.csv,1068,UgxRgOmPRY73z9oABId4AaABAg,31nywpZW_Hc,"M Night-itis again. A reasonably good idea executed terribly. Epidemics of mass, unexplainable s——-es, deadly cat &amp; mouse game in a concert arena? <i>Could</i> be interesting….then he writes them.",THE HAPPENING BAD MOVIE REVIEW | Double Toasted,bad movie review,,0.0
batch_273_1777699136.csv,959,Ugw1XUaW6Ji3kMzAG0R4AaABAg,9SRxBTtspYM,So much nostalgia,"Ariana Grande, Social House - boyfriend (Official Video)",Ariana Grande official music video,,0.0
batch_220_1777698718.csv,1000,Ugwa0QQ0b65XYQ0n7Dl4AaABAg,VSaqdm_xubk,Love this truly both of u r amazing I love u 🖤❤️‍🩹🔥🔥,Problematic x Kid Kenzi - Save Me From Myself (Official Music Video),problematic song,,0.0
batch_288_1777699240.csv,709,UgxpIh8ekBlhhG95RsR4AaABAg,NaZXwYjal8E,Te amo Ariana ❤️ Siempre mi favorita 🫶🏼,Ariana Grande - Tattooed Heart (Live from London),Ariana Grande live performance,,0.0
batch_287_1777699232.csv,706,UgyzLYbsChgPJ6c7glx4AaABAg,qYaDNaLHNQY,Esa es mi niña preciosa asi me gusta verla levantándose  hermoso mi niña preciosa aqui estare para cuidarte y apoyarte . Eres bella niña   no quiero verte triste FUERZA MI NIÑA VALIENTE❤❤❤❤❤🌟⚘⚘🎇🎇🌠🌠🇧🇴🇺🇸💕💕💕💕❤❤🥰👍,Ariana Grande & Nicki Minaj - Medley (Live on NBA All Star Game Half Time Show) HD,Ariana Grande live performance,,0.0
batch_176_1777698427.csv,251,Ugw8v9V3mBpqm1V-wz14AaABAg,DygiVD2YKVQ,"@<a href=""https://www.youtube.com/watch?v=DygiVD2YKVQ&amp;t=1848"">30:48</a> omg she has a cherry ball up her nose!",Queen Sized is the Worst Fat Movie of All Time,bad movie review,,0.0
batch_48_1777697501.csv,1103,Ugzs5GSEZs2Zszhc-Qp4AaABAg,HkwfkhIfmF4,❤,"Boyce Avenue Acoustic Cover Collabs Greatest Hits Duets (Bea Miller, Megan Nicole, Sarah Hyland)",acoustic version song,,0.0
batch_329_1777699577.csv,579,Ugwf3GiQGYfkdPtMxOp4AaABAg,5zkoTHvo0-E,I’m loving these reactions and I simply NEED you guys to listen to the other Lana albums!!,COWBOY CARTER - Beyoncé ★ Swifties React,Beyonce reaction,,0.0
batch_33_1777697390.csv,930,UgxO3n5efTyoOyYS-a54AaABAg,6GKGNSqLYMM,웨스트라이프는<br>사랑입니다<br>❤❤❤❤❤,"Westlife - Flying Without Wings (The Farewell Tour) (Live at Croke Park, 2012)",tour live performance,,0.0
batch_155_1777698280.csv,955,UgzaU_w5Kis6tzHMRFh4AaABAg,hBiicjHIYWM,Anyone else completely distracted by Rocks glow in the dark teeth?,"The Rock's Doom Is Like The Resident Evil Movies, But Somehow Dumber - Worst Movie Ever",worst movie ever,,0.0
batch_268_1777699100.csv,981,UgxWE2c0kJdn7DqY8hh4AaABAg,lf_wVfwpfp8,Happy 10th ❤,Ariana Grande - Focus (Official Video),Ariana Grande official music video,,0.0
batch_304_1777699389.csv,581,UgwyhW8kW8OK4BBuEpl4AaABAg,QrOe2h9RtWI,"No lo sabíamos, pero Shakira salvó a toda la LATAM con esta colaboración.  😮","Beyoncé, Shakira - Beautiful Liar",Beyonce official music video,,0.0
batch_214_1777698685.csv,1034,UgylsY-bRjDpqizUqFl4AaABAg,tsp7IOr7Q9A,American classic,"BHAD BHABIE feat. Lil Yachty - ""Gucci Flip Flops"" (Official Music Video) | Danielle Bregoli",music flop,,0.0
batch_61_1777697593.csv,128,UgxVZp5Zk3MPV4T4Ofh4AaABAg,RVRRW-QzqxM,"<a href=""https://www.youtube.com/watch?v=RVRRW-QzqxM&amp;t=205"">3:25</a> he was like damn",Keyshia Cole - Love (Live: In Session),live session performance,,0.0
batch_29_1777697359.csv,1051,UgyZct6bdwsTnatQOPt4AaABAg,P5JLMp08GC0,"I love 1989, and this world tour is just as iconic as any of her Taylor&#39;s creation 💟🙌🏽",[FULL • 4K] Taylor Swift • The 1989 World Tour Live (Remastered) • EAS Channel,tour live performance,,0.0
batch_264_1777699071.csv,635,UgyaoYkCnyV1rz-9x6p4AaABAg,gl1aHhXnN1k,I just realized that in the beginning when they&#39;re talking the background music is the soundtrack to 7 rings,"Ariana Grande - thank u, next (Official Video)",Ariana Grande official music video,,0.0
batch_174_1777698412.csv,1176,UgyiGkfRXORQrFzI8dV4AaABAg,D688OCYjmZE,"<a href=""https://www.youtube.com/watch?v=D688OCYjmZE&amp;t=685"">11:25</a> max HR 116 in this situation running for her life 😂😂😂 She is a world class athlete for sure",The WORST MOVIE of the year and it's not even close - War of the Worlds (2025),bad movie review,,0.0
batch_159_1777698310.csv,609,UgxBVsIZqOGWjg74XwF4AaABAg,fg2vMviS7ao,"The guy who directed this directed The Quiet Earth, the best sci fi movie ever made in the Southern Hemisphere. He also directed Freejack. Which exists.",Seagal's Under Siege 2 Robbed Us Of Our Innocence - Worst Movie Ever,worst movie ever,,0.0
batch_334_1777699633.csv,520,Ugyot6cl1T7_1q7qD2t4AaABAg,V9PVRfjEBTI,I hope who ever reads this realizes that they got good taste in music and love💕💕,Billie Eilish - BIRDS OF A FEATHER (Official Music Video),Billie Eilish official music video,,0.0
batch_288_1777699240.csv,101,UgzgIgHOc7jDXgHowxZ4AaABAg,GwWaFgu8q2w,santa tell me live in 2024???? ARE YOU KIDDING MEEEEE,Ariana Grande - Santa Tell Me (live version),Ariana Grande live performance,,0.0
batch_32_1777697380.csv,623,Ugz_AiPgkJPfT4FBQHl4AaABAg,ejA-BuhomgI,Dün hece beni arayan sen miydin erik yok bizde 👻💞,"Lil Uzi Vert - ""XO Tour LIif3"" Live at GOV BALL 2018",tour live performance,,0.0
batch_29_1777697359.csv,1240,UgwX7A4ZLFjpxgY3_dZ4AaABAg,P5JLMp08GC0,"When I was 16, I got to know this crazy woman from my deskmate and then I just fell in love with her! 1989 is my favorite album of TS! Just had been watching this concert so many times. Hope some day in the future I could come to her concert, singing loudly!!",[FULL • 4K] Taylor Swift • The 1989 World Tour Live (Remastered) • EAS Channel,tour live performance,,0.0
batch_244_1777698901.csv,304,UgxeE8DJnQPyeY6FtbB4AaABAg,77TcDc67368,❤❤❤,One Night Only with Adele - Full Resolution,Adele live performance,,0.0
batch_169_1777698380.csv,277,UgzpE6WNeDK4Ghx1hk54AaABAg,pRFev3EXbq0,A biopic can never be good because no allegations are contained in the story?<br>Is this suppose to be a review or a joke?,The Michael Jackson Movie Is Shockingly Bad (Full Review),bad movie review,,0.0
batch_88_1777697784.csv,1192,Ugx6vcmt11qcGTqrwJt4AaABAg,s1-pfiVMKAs,Supergirl is John wick but with superpowers and I must say Jason Momoa as lobo is one of the best casting ever made,Supergirl | Official Trailer,official movie trailer,,0.0
batch_265_1777699078.csv,366,UgzsKrARO5w5ubQJeKJ4AaABAg,eB6txyhHFG4,Minha mulher aí! DEUSAAAA.,"Ariana Grande - yes, and? (official music video)",Ariana Grande official music video,,0.0
batch_267_1777699093.csv,37,UgzrtGBu6aOd6WvjKzZ4AaABAg,9WbCfHutDSE,"Don&#39;t worry, you&#39;re not the only person here in 2026",Ariana Grande - Dangerous Woman (Official Video),Ariana Grande official music video,,0.0
batch_262_1777699053.csv,1191,UgwOB15sp42CtRSjQzF4AaABAg,9D8cWzOnfzQ,Best reaction EVER!!🤣🤣🥰🥰,WHAT HAPPENED TO ADELE'S VOICE...,Adele reaction,,0.0
batch_216_1777698701.csv,99,UgyKeE-qHZJryZeCuLV4AaABAg,0EY_Jf73OHQ,Pinki😢😢😢😢😢😢😢😢😢😂❤❤❤❤❤❤❤❤❤🎉,Everybody Do The Flop #animation #short #funny #memes #sprunki #flop,music flop,,0.0
batch_36_1777697413.csv,770,Ugx7SWIAUZLM_CraGEV4AaABAg,Fpn1imb9qZg,December 2024 here ❤,Coldplay - A Sky Full Of Stars (Live at River Plate),stadium concert,,0.0
batch_214_1777698685.csv,652,UgzOr1B8CmXuHEXrvMl4AaABAg,VxBo8BPQbec,Slay ❤❤❤❤❤,Jiafei - Flop Espresso (Audio),music flop,,0.0
batch_262_1777699053.csv,175,UgwQyhDhEO9l0CKXfVZ4AaABAg,XmmGJC1X3YA,"AJay sobbing the first time she heard Easy on Me. Same, sis.",Adele - 30 Album |Reaction|,Adele reaction,,0.0
batch_204_1777698616.csv,318,UgyCqJyJFLWUHyWEXO14AaABAg,uOLZLYST59k,BENJIxScarlett? That sounds like a disease!,The worst song EVER,worst song ever,,0.0
batch_25_1777697331.csv,892,UgxL05xucEU53JTRoGF4AaABAg,d8hSUu6W-N0,"Me pueden responder porqué cada que veo este concierto lloro, digo, me hubiera encantado estar en la época de oro de One Direction pero bueno, ademas, confirmamos que este es el concierto de conciertos? ONE DIRECTION LA MEJOR BANDA DEL MUNDO",One Direction - Where We Are Live Tour San Siro (FULL CONCERT),tour live performance,,0.0
batch_350_1777699739.csv,323,UgyYFY2Lp0QbtEIYJVl4AaABAg,2I1ZU5g1QNo,"<a href=""https://www.youtube.com/watch?v=2I1ZU5g1QNo&amp;t=205"">3:25</a> No matter how many times I watch this I cry at this part. Like its amazing.","Billie Eilish - No Time To Die (Live From The BRIT Awards, London)",Billie Eilish official music video,,0.0
batch_88_1777697784.csv,639,Ugw7nVGz8nNaIyT65_l4AaABAg,iSWP2feb4rw,I&#39;ve never been so excited for a sequel! 🥰😍🤩,Practical Magic 2 | Official Teaser Trailer,official movie trailer,,0.0
batch_224_1777698741.csv,229,UgwkGuzav-WeyrPR7ld4AaABAg,_50-gOeBilc,"Ahh 80&#39;s MTV, when you could make a music video for about $74.00!","Scandal, Patty Smyth - Goodbye To You (Official Video)",music scandal,,0.0
batch_30_1777697365.csv,377,UgxQtqnM_Ol1GABvqUh4AaABAg,mErmeN0VmyA,EU SOU U ÉDY U NOWBUANA U DIESEL,Ariana Grande - The Honeymoon Tour Concert Movie - Concerts By You,tour live performance,,0.0
batch_224_1777698741.csv,280,UgxVUKaf2M2Hlc0h2JV4AaABAg,_50-gOeBilc,Sooo CUTE 🔥,"Scandal, Patty Smyth - Goodbye To You (Official Video)",music scandal,,0.0
batch_81_1777697731.csv,1176,Ugx3HbLTpZcgTUvjc3h4AaABAg,JvWhqFh20Qs,"<a href=""https://www.youtube.com/watch?v=JvWhqFh20Qs&amp;t=414"">6:54</a>  It&#39;s been a while since I laughed out loud like I did here. I was literally sparking a fatty of my own homegrown fire sticks at the same damn time !","The Best Reactions to Black Sabbath ""War Pigs"" Compilation",reaction to music video,,0.0
batch_90_1777697796.csv,436,UgyxcVr5Z1Zpy-wxW8d4AaABAg,yeetI2DfbaE,So interesting. Excited for the release!,Ladies First | Official Trailer | Netflix,official movie trailer,,0.0
batch_325_1777699540.csv,738,Uggc34MFbvnorXgCoAEC,pai1C2dsd3M,I like Beyonce 💖💖💖💖💖💖👍👍👍👍👍👍,Beyoncé - Listen (live at Oprah) 2006,Beyonce live performance,,0.0
batch_231_1777698803.csv,928,UgwkH8BoMgONimc2DcV4AaABAg,FkH11t7WFNs,"Let’s also take this space to promote the insane talent of many pop artists that literally made pop music fantastic this year, they just tend to go under the radar bc people refuse to look outside of what’s mainstream. Ninajirachi, underscores, OKLOU, Kim Petras, Slayyyter, Frost Children, Tiffany Day, Rebecca Black, NMIXX, berryblue, Jane Remover, Adela and so many more :)",This Was a Bad Year for Pop Music,negative music review,,0.0
batch_49_1777697509.csv,105,UgzfaHyVlC0W5_qZHVx4AaABAg,9_xLbL_440Y,I like it the song touching,"70s 80s 90s Acoustic Covers – Girl Vocal | Wonderful Tonight, Hard to Say I’m Sorry & More",acoustic version song,,0.0
batch_359_1777699802.csv,1030,UgxlRK5r8705okvXrLV4AaABAg,i7YvaaAkRCw,She is just...so...beautiful.  her voice of an angel. The creativity and the emotional depth of this song...🥺,Billie Eilish - Male Fantasy (Official Live Performance) | Vevo,Billie Eilish live performance,,0.0
batch_303_1777699383.csv,376,UgzbeHFdfdq8YvGe6S54AaABAg,CIELYkfoKy8,underrated masterpiece,Beyoncé - Blow (Video),Beyonce official music video,,0.0
batch_98_1777697849.csv,24,UgyvX4_yFXp3LaJnMWN4AaABAg,62b6hsUIep8,Very డిస్పాయింట్.... అస్సలు బాలేదు,Jetlee Movie Review : Faahhaah 🤡🧠🫰 : Satya : Jetlee Review Telugu : Jetlee Public Talk : RatpacCheck,movie review,,0.0
batch_295_1777699288.csv,1041,UgxhMsCtr4K2DJuMTzB4AaABAg,7Rfiggb6_YQ,"<a href=""https://www.youtube.com/watch?v=7Rfiggb6_YQ&amp;t=753"">12:33</a> lovely 😍❤❤❤❤❤❤❤❤❤❤❤❤❤❤",Ariana Grande - don’t wanna break up again (live version),Ariana Grande live performance,,0.0
batch_352_1777699754.csv,141,Ugyjh1KloA7lGyJL51t4AaABAg,hJeNfNtbUeY,Got goosebumps when I heard &quot; Good things don&#39;t last&quot; 😭😭😭😭😭😭😭,"Billie Eilish - WILDFLOWER (Live From The iHeartRadio Music Awards, 2025)",Billie Eilish live performance,,0.0
batch_336_1777699646.csv,50,UgxynWNgszYxz_MgETp4AaABAg,DyDfgMOUjCI,DESPUES DE 7 AÑOS ENCONTRE ESTA CANCIÓN MI INFANCIA SOLO ME FALTA LA DE EL CUARTO BLANCO,Billie Eilish - bad guy,Billie Eilish official music video,,0.0
batch_333_1777699623.csv,6,Ugx_HbZ9zzWy9OPikjF4AaABAg,1w5Yo7O9CJg,&quot;Listen&quot; is definitely a standout of the deluxe. &quot;Beautiful liar&quot; with Shakira of course . And I think flaws and all is going to be a favorite of yours!!,everyday should be B'DAY | Beyonce Reaction,Beyonce reaction,,0.0
batch_31_1777697371.csv,477,Ugxyh-6zXG1DmgkXwlp4AaABAg,fezKpDFKf5U,Ed Sheeran concerts feel incomplete without perfect..!!,Ed Sheeran - Perfect (Live from the Mathematics Tour 2024),tour live performance,,0.0
batch_230_1777698796.csv,1308,UgzKj6tOrYxy5lt7V1l4AaABAg,WFbRZ8XWdRA,Thank you God in the name Jesus christ amen,"Remove All Negative Energy, Singing Bowls Music, Tibetan Healing Sounds, Cleanses The Aura #shorts",negative music review,,0.0
batch_175_1777698420.csv,468,Ugzt_a6QbHKUNTICPWl4AaABAg,4TQ5fXldjEw,"bruh, you really love that Faust shirt lol...idk how many vids ive seen you wearing it in.",Bad Movie Review: The Aftermath,bad movie review,,0.0
batch_152_1777698259.csv,1353,UgwULuwIDTjRAZ5JthF4AaABAg,wSuhIpqnb8Q,The only part I disagree with is about the live action show on Netflix. I watched a few episodes and was pleasantly surprised at how well they did with it and I went into watching it with the expectation of it being garbage. <br><br>I feel like they gave the fans of the show much more of what we wanted from the movie.,The WORST movie EVER made (The Last Airbender),worst movie ever,,0.0
batch_156_1777698287.csv,793,UgwS5cxZWpSalpkm_bJ4AaABAg,Y1YhySIJWc4,Charlie is literally making want to actually watch this movie,This is Actually the Worst Movie I've Ever Seen,worst movie ever,,0.0
batch_170_1777698387.csv,324,Ugzfy_WzrXL0A_bf8Px4AaABAg,xu-ZpNDJF_s,"I dont know what you are talking about, just last night me and the boys did a 30 person coke deal in Walmart parking lot. Textbook.",Steven Seagal's Code Of Honor Is An Incoherent Mess - Worst Movie Ever,bad movie review,,0.0
batch_42_1777697461.csv,469,UgyOzJpCjFG13xySRKZ4AaABAg,124BHimejVg,I too am a vet. I too remember the 80s music. I was born in 1970. Served in the U.S Army 7th I.D you and I..we got this❤,@philcollins - In The Air Tonight (ROCK Cover by STATE of MINE),cover version song,,0.0
batch_353_1777699760.csv,790,UgzxVcrUY3z_oOf01TN4AaABAg,WnSrPwTi_7A,@billieeilish I love you! I love your family!,Billie Eilish - SKINNY (Live Performance from Amazon Music’s Songline),Billie Eilish live performance,,0.0
batch_297_1777699325.csv,69,UgweiLL7NuV_EzHVwLV4AaABAg,zGuOM1vAyMU,"YOU SHOULD REACT TO LITTLE MIX- LM5 Album.I’m not sure if you know who they are a biggest girl group, they are British! This album is  as a pop and R&amp;B record, while incorporating elements of pop,trap-pop, hip-hop, 90s, and reggaeton sounds. It featuresNicki Minaj! I feel like you would enjoy little mix! love your reactions!! :)",dangerous woman by ariana grande changed my life...,Ariana Grande reaction,,0.0
batch_222_1777698732.csv,1043,UgyK6Rf2d8DgIgb6B5h4AaABAg,sFEF97NTC0Y,Wow this a song that explains my life and all those that gone through it. Here some words of wisdom always strive and prosper,Problematic - Issues (Official Music Video),problematic song,,0.0
batch_172_1777698399.csv,843,Ugy2TDWSyEnQQcI7cGp4AaABAg,T8fAquggNl8,"&quot;Why can&#39;t I make friends with a 14-year old and then celebrate her 18th birthday by proposing to her? That&#39;s not weird at all! It&#39;s a perfectly normal, traditional courting practice.&quot;<br>- people who call every LGBT+ person a groomer",The Worst Christmas Movie I've Ever Seen,bad movie review,,0.0
batch_342_1777699684.csv,516,UgxPge4n8uqfvXQWCzh4AaABAg,BboMpayJomw,Billie and Finneas: “Wanna make a Bond song?” “Sure”<br><br>Me and my sister: “Hey that’s my pencil!” “No it’s not!” “Gimme it!” “I’ll poke your eye with it!”,Billie Eilish - No Time To Die,Billie Eilish official music video,,0.0
batch_86_1777697769.csv,64,UgylOTl3JOofgKwwwYh4AaABAg,XgcqAaxTyHo,So disappointed this isn&#39;t an adaption of the game! :(,PITFALL | Official Trailer 2026 | Horror Movie,official movie trailer,,0.0
batch_342_1777699684.csv,292,UgxITzP8BBaEueEePj54AaABAg,HUHC9tYz8ik,Damn the monster I see when I get sleep paralysis is pretty cute,Billie Eilish - bury a friend,Billie Eilish official music video,,0.0
batch_61_1777697593.csv,222,UgzglqXEhxIJ3MzZWlF4AaABAg,RVRRW-QzqxM,Wow that&#39;s a REAL BALLAD!!!🎉🎉🎉🎉🎉🎉🎉🎉🎉🎉🎉,Keyshia Cole - Love (Live: In Session),live session performance,,0.0
batch_221_1777698724.csv,546,UgzVXuuPugESepkSjTF4AaABAg,-L7IE6IR4YU,Done❤,Problematic - Bottom Of The Bottle (Official Music Video),problematic song,,0.0
batch_268_1777699100.csv,638,UgzdlBok5cWV8VY8f7Z4AaABAg,1ekZEVeXwek,I’ll never get over this song. This was peak Ari for me. Even tho she continues to be bigger,Ariana Grande - Into You (Official Video),Ariana Grande official music video,,0.0
batch_294_1777699281.csv,359,UgyyhDvx9k9NpA2uTFx4AaABAg,Q_dyo_zrxOY,KESINI GARA GARA ZIVAA MAGNOLYAA,Ariana Grande - Only 1 at BBC,Ariana Grande live performance,,0.0
batch_86_1777697769.csv,469,Ugyb_3FQjb03HFrIrY94AaABAg,LgFa4gH9mWk,Also that big fat feller is that the Duke from RE8 so then the main fella must be Ethan Winters 🤣,Resident Evil | Official Trailer (2026),official movie trailer,,0.0
batch_358_1777699795.csv,634,Ugzl5JdZXtsOrtwlPJR4AaABAg,77UFV6FaDPo,"It&#39;s amazing to see Billie grow as an artist. The whole arrangement is beautiful too, what a great performance","Billie Eilish, FINNEAS - No Time To Die (Live From The Oscars 2022)",Billie Eilish live performance,,0.0
batch_168_1777698374.csv,573,UgyUj4SuGJvSC-HATx94AaABAg,UgOKychqL80,The one in the recording was obviously selfie man’s brother recordio,SELFIE MAN - A Horror Movie So Bad It Hurts,bad movie review,,0.0
batch_39_1777697438.csv,888,Ugx76uQB2zqyTAOrdGZ4AaABAg,n4W082xS4Rg,I love your voice bro,“Sweater Weather” The Neighborhood chest voice,cover version song,,0.0
batch_175_1777698420.csv,1165,UgydYURFN7YxtkgZZvl4AaABAg,ykgTrodYaJc,"I don&#39;t know why, but &quot;Sheila the bat doctor&quot; just made me giggle uncontrollably for a few minutes straight 😂",Trying to find the worst horror movie,bad movie review,,0.0
batch_153_1777698265.csv,1084,UgyHLAlAPLoLr3HtVy94AaABAg,0QTwTJy8QU8,How much money did that adult toy ad give if you if there is no ad in this video,Trying to Find the Worst Movie Ever Made,worst movie ever,,0.0
batch_291_1777699258.csv,718,UgwU55XWm5oQ-81KLTt4AaABAg,M_RX16B0r5M,"To me, this was one of the best looks she has ever worn.",Ariana Grande's Mic Was On During Her Met Gala 2024 Performance,Ariana Grande live performance,,0.0
batch_163_1777698336.csv,1108,Ugz9_9bbwxh6wt0gdeR4AaABAg,ykgTrodYaJc,"<a href=""https://www.youtube.com/watch?v=ykgTrodYaJc&amp;t=700"">11:40</a> what in the pug face????",Trying to find the worst horror movie,worst movie ever,,0.0
batch_277_1777699165.csv,667,Ugznzpb980xaFHtOkXt4AaABAg,bJuWlMFToNo,Nobody:<br>Ariana in 2013: NeW SiNgLe “Problem” iN ItUnes,Ariana Grande - Baby I (Official Video),Ariana Grande official music video,,0.0
batch_303_1777699383.csv,599,UgySbV_1bzhjjTC16Sh4AaABAg,RQ9BWndKEgs,2026 Anyone?,Beyoncé - Deja Vu (MTV Video Version) ft. JAY-Z,Beyonce official music video,,0.0
batch_90_1777697796.csv,772,UgwzN5TIIe_oHOJBFod4AaABAg,yeetI2DfbaE,I thought this was a movie about Jeffrey Epstein💀,Ladies First | Official Trailer | Netflix,official movie trailer,,0.0
batch_57_1777697564.csv,1028,Ugx_fLE3axBjHpzDQ9V4AaABAg,FngDSOuCNAA,Am 40 have been playing this masterpiece for 9 years! Still blows me away ❤,Michael Kiwanuka - Cold Little Heart (Live Session),live session performance,,0.0
batch_60_1777697586.csv,1059,UgwAX7GMhSDG3iAAyvp4AaABAg,lneQpcssBcA,reminds me of my Navy days in San Diego. I recall going to a restaurant and they had folks like this playing live. Just set the mood to a new location for me.. and Never looked back,L'indécis - Full Performance (Chillhop Live Session),live session performance,,0.0
batch_158_1777698301.csv,698,UgxHdUqew1FIHVOhYGN4AaABAg,lDkGLFGbTsE,"I would like to point out that this isn’t even an original idea from Netflix, Marmaduke was live action movie YEARS ago<br><br><br>P.S. Love the “Greg” couch Danny✨",Is Netflix Just Making Bad Movies On Purpose,worst movie ever,,0.0
batch_27_1777697345.csv,657,UgxIgePufiT-WnCmIe54AaABAg,4foZkDy9ef0,RIAHNNA FOREVER FAMÍLIA ❤,Rihanna | DVD The ANTI World Tour Live (HD) | (Made In America Audio Version),tour live performance,,0.0
batch_81_1777697731.csv,1293,Ugy7SI-KmEXMPnYUkEd4AaABAg,JvWhqFh20Qs,I was in third grade first time I heard this around 1970 in my back yard with may dad and all his biker buddies sitting around a fire. I remember thinking it was not something I should be listening too lol,"The Best Reactions to Black Sabbath ""War Pigs"" Compilation",reaction to music video,,0.0
batch_207_1777698636.csv,164,UgzD3H8PdGiL-_SDuod4AaABAg,YzIl50S920A,"Ok, I got an issue with 2022, 2020, and 2018. Never let bro cook again.",WORST song every year #worst #song #rap #review #hiphop,worst song ever,,0.0
batch_57_1777697564.csv,241,UgzIqJoa1RCaP32WlFZ4AaABAg,UdM9hLGZ1-M,Her talent is immeasurable. Mind blowing. She is so legit it’s not even funny. My gawd.,Miley Cyrus - Jaded (Backyard Sessions),live session performance,,0.0
batch_210_1777698658.csv,812,Ugyp7yodn5jB8wSjyKp4AaABAg,cwY7yMAOuEc,"<a href=""https://www.youtube.com/watch?v=cwY7yMAOuEc&amp;t=40"">0:40</a> “If you haven’t heard this song, you’re in for a treat”<br><br>More like I’m in for poison? Huh BodyGuard? Is that what you were giving us? I don’t wanna die yet",Worst Songs Ever Made from A-Z,worst song ever,,0.0
batch_152_1777698259.csv,44,Ugy0ZcP5ylOAYTToJg94AaABAg,EHyZ5uo50a0,Movies bahut acchi hai the kerla story abhitak chalsakti hai to Adhipurush Q nahi,Adipurush Flop Box Office Collection 🤯🔥| Prabhas Kriti Sanon Adipurush |#shorts,box office flop movie,,0.0
batch_290_1777699252.csv,921,Ugy2jw-s1yCF11uL7Oh4AaABAg,e7wYDk8QbGA,Ariana you are the best I love you♥️<br>Saludos desde México♥️🇲🇽,Ariana Grande - Breathin (Live on Ellen / 2018),Ariana Grande live performance,,0.0
batch_54_1777697541.csv,1147,Ugzs_kzfbGw3H6oEaY94AaABAg,pfU0QORkRpY,"estamos acá tomando unos mates, son las <a href=""https://www.youtube.com/watch?v=pfU0QORkRpY&amp;t=822"">13:42</a> y dormimos una banda.. el día es esplendoroso gracias a tus vibras masivas FKJ te quiero!!",FKJ  |  Ylang Ylang EP (Live Session),live session performance,,0.0
batch_267_1777699093.csv,640,UgyzhDTf0T_iQn50oLN4AaABAg,5WL672bjJgM,Who’s in 2025?,Ariana Grande - Let Me Love You ft. Lil Wayne (Official Video),Ariana Grande official music video,,0.0
batch_171_1777698393.csv,319,UgzfwaE9B3p0vIsMMhZ4AaABAg,BoB_nS19eVo,&quot;...on the opposite side of the color wheel...&quot; - yup.,THE WORST MOVIE OF 2021???,bad movie review,,0.0
batch_271_1777699121.csv,1059,UgwVzrm_8qibTTgV-xp4AaABAg,B6_iQvaIjXw,I feel stupid for not realizing the title equals 69 lmao,Ariana Grande - 34+35 (official video),Ariana Grande official music video,,0.0
batch_352_1777699754.csv,674,UgwiEZnBQtOnWnZfVpJ4AaABAg,aZqCFE_9U9o,I love you Billie ❤❤❤😢😢,"Billie Eilish - THE GREATEST (Live from The Late Show with Stephen Colbert, 2024)",Billie Eilish live performance,,0.0
batch_204_1777698616.csv,1259,UgxIUPqRasbmCIedeJh4AaABAg,oe4LA3nzevw,So true. I remember being at a cafe on new years eve 2019 and they had this song playing on repeat... awful... and then things got worse after that day,Worst song of the decade 💔,worst song ever,,0.0
batch_335_1777699639.csv,409,Ugyh8mHDZz7Ijt4A4zd4AaABAg,V1Pl8CzNzCw,"Thought I found a way<br>Thought I found a way out (found)<br>But you never go away (never go away)<br>So I guess I gotta stay now<br>Oh, I hope someday I&#39;ll make it out of here<br>Even if it takes all night or a hundred years<br>Need a place to hide, but I can&#39;t find one near<br>Wanna feel alive, outside I can&#39;t fight my fear<br>Isn&#39;t it lovely, all alone?<br>Heart made of glass, my mind of stone<br>Tear me to pieces, skin to bone<br>Hello, welcome home<br>Walkin&#39; out of time<br>Lookin&#39; for a better place (lookin&#39; for a better place)<br>Something&#39;s on my mind (mind)<br>Always in my head space<br>But I know someday I&#39;ll make it out of here<br>Even if it takes all night or a hundred years<br>Need a place to hide, but I can&#39;t find one near<br>Wanna feel alive, outside I can&#39;t fight my fear<br>Isn&#39;t it lovely, all alone?<br>Heart made of glass, my mind of stone<br>Tear me to pieces, skin to bone<br>Hello, welcome home<br>Whoa, yeah<br>Yeah, ah<br>Whoa, whoa<br>Hello, welcome home","Billie Eilish, Khalid - lovely",Billie Eilish official music video,,0.0
batch_287_1777699232.csv,789,UgxKVvstCwpdLOfN8E54AaABAg,qYaDNaLHNQY,No one gonna talk about how she patted Niki’s butt lol,Ariana Grande & Nicki Minaj - Medley (Live on NBA All Star Game Half Time Show) HD,Ariana Grande live performance,,0.0
batch_329_1777699577.csv,564,Ugw0TR9fp9kAlZ_FfZR4AaABAg,5zkoTHvo0-E,I love how open yall are to it. I think it’s harder for non Americans to get everything right away. But the history of country and segregation in this country rlly does add context to this album…,COWBOY CARTER - Beyoncé ★ Swifties React,Beyonce reaction,,0.0
batch_343_1777699691.csv,623,UgwQennbE8So1RXj5GZ4AaABAg,coLerbRvgsQ,Aw cute angry anime Billie.<br><br><br><br><br>After vid: im going to have nightmares,Billie Eilish - you should see me in a crown (Official Video By Takashi Murakami),Billie Eilish official music video,,0.0
batch_153_1777698265.csv,205,UgwI-xRNxax_FpMCNKJ4AaABAg,A4UxYQFYcGQ,Maybe this is Ice Cube&#39;s wedding gift to Jeff Bezos.,The Worst Movie Ever Made...,worst movie ever,,0.0
batch_274_1777699143.csv,104,UgyE3RyUwmzhS5-fabl4AaABAg,iS1g8G_njx8,missing this era 💔,Ariana Grande - Problem ft. Iggy Azalea,Ariana Grande official music video,,0.0
batch_287_1777699232.csv,358,UgxboY16_tvFCq72Let4AaABAg,LHtgIWSUPew,Don&#39;t you love the way she moves her jaw? Aha I&#39;m in love with her,Ariana Grande - God is a Woman (Ariana Grande At The BBC),Ariana Grande live performance,,0.0
batch_167_1777698368.csv,887,Ugwf9Qf-lphFXb8-li94AaABAg,k6eGqNTjM3k,"<a href=""https://www.youtube.com/watch?v=k6eGqNTjM3k&amp;t=5092"">1:24:52</a>  Yayo is cocaine, not heroine you fools 😂",We watched every Neil Breen movie in one horrific day | So Bad It's Good #200 - Neil Breenathon,bad movie review,,0.0
batch_365_1777699842.csv,739,UgxYFOzTf5hNoZJjsYB4AaABAg,rATtPCVsDtk,Wonderful voice.Nice brother.,Billie Eilish - THE GREATEST (Live from Apple Music's Artist of the Year 2024),Billie Eilish live performance,,0.0
batch_218_1777698711.csv,100,UgzlFZZ8YlibXmVg8AN4AaABAg,s1n4pNW5ohQ,&quot;La Bamba&quot; was b/w &quot;Oh Donna&quot; and it caught on after that.,15 FLOP SONGS from the 50s That Turned Into HITS,music flop,,0.0
batch_97_1777697840.csv,468,UgzvJiv5udy5wv6xUAV4AaABAg,C-PQbCXJhZU,1.54 direct review,Jabardasth Mahidhar Review On Kara Movie | Dhanush | Kara Review | Kara Public Talk,movie review,,0.0
batch_332_1777699609.csv,756,UgxZl4CgjQXFhT2ASyh4AaABAg,IMMJytkOuw0,oh maya is jumping around her room rn.,baby's first... BEYONCÉ | Dangerously in Love Reaction,Beyonce reaction,,0.0
batch_234_1777698833.csv,121,UgyHviKv_2uIWN7z5dV4AaABAg,rYEDA3JcQqw,Alguien 2021 marzo?,Adele - Rolling in the Deep (Official Music Video),Adele official music video,,0.0
batch_227_1777698758.csv,887,UgwoAkRX513vMhGExoR4AaABAg,wkI2Su2YeAA,This girl was actually on American Idol😂,When The Music Is So Bad It Sounds Like AI...,negative music review,,0.0
batch_332_1777699609.csv,660,UgwmbNwkHf1zudlIfuZ4AaABAg,OBjXiurLeaA,we need more beyonce&#39;s albuns reactions,experiencing BEYONCÉ self-titled *Album Reaction & Review*,Beyonce reaction,,0.0
batch_221_1777698724.csv,378,UgzfM2sZH4xyQ-0Oymt4AaABAg,G35mUnGN1E8,Your really talented,Problematic - I'm Not Okay,problematic song,,0.0
batch_26_1777697338.csv,616,Ugh6U7C8tMpcPXgCoAEC,Oovd1wTzAOc,2078 and I&#39;m still here watching.,Avril Lavigne - When You're Gone (The Best Damn Tour - Live In Toronto),tour live performance,,0.0
batch_165_1777698351.csv,526,UgwcNm0tmoDNmbgTPbF4AaABAg,_xVAHmP5N48,I like how the entire group just accepts this mesh-shirt-wearing maniac as a US Marshal completely on his own say-so without demanding <i>any</i> sort of identification.,Another one of the WORST MOVIES ever made! - Cry Wilderness (1987),worst movie ever,,0.0
batch_233_1777698825.csv,782,UgwYw4Fi6XNIE1WB5rx4AaABAg,huH_jyAKcEQ,"Just maybe, ..Somewhere I heard that maybe a famous drummer was in company with Mr. Cage.",Why Vince Neil Is Not Someone You Ever Want To Meet #shorts #MotleyCrue,negative music review,,0.0
batch_223_1777698735.csv,143,UgyGbXGOWSjtL1srmAd4AaABAg,22Vcsef-Vow,🔥🔥🔥🔥🔥🔥🔥🔥🔥🔥🔥🔥🔥🔥🔥,Problematic - If I Don't Stay Sober (Official Music Video),problematic song,,0.0
batch_97_1777697840.csv,218,Ugxx5A02ovBfwKCtov94AaABAg,EWSlKUz0LQ8,എഴുത്തില് നല്ല strong കഥ build ചെയ്യാതെ technically എത്ര quality ഒണ്ടെന്ന് പറഞ്ഞിട്ട് എന്ത് കാര്യം 🙂,Patriot Review | Mammootty | Mohanlal | Mahesh Narayanan | Sushin Syam | Anto Joseph,movie review,,0.0
batch_280_1777699185.csv,201,Ugy1Vhokb3NZwD9RS9N4AaABAg,VronettmNRI,"Anyone? 2025? Arianator? <a href=""https://www.youtube.com/watch?v=VronettmNRI&amp;t=247"">4:07</a>",Ariana Grande - Positions Album (Official Live Performances) | Vevo,Ariana Grande live performance,,0.0
batch_175_1777698420.csv,896,Ugxz_6GezIZxn947DBF4AaABAg,xEuBkeolQs0,You look like Harvey from stardew valley today,This 90's Christmas Movie is Hilariously Bad,bad movie review,,0.0
batch_167_1777698368.csv,1188,UgxqU83Emgh6EytgCQJ4AaABAg,k6eGqNTjM3k,breen was in the desert reading a survival magazine that pictures breen on the cover of the magazine! brilliant! of course you would study the article written about yourself while plotting &#39;international plots&#39;.,We watched every Neil Breen movie in one horrific day | So Bad It's Good #200 - Neil Breenathon,bad movie review,,0.0
batch_356_1777699781.csv,850,UgyTJl-3GqMJb0SvJK94AaABAg,vbPgBL7h76A,I wish I could be there❤,Billie Eilish - idontwannabeyouanymore x lovely [Medley] (Live from Electric Ballroom),Billie Eilish live performance,,0.0
batch_36_1777697413.csv,527,UgyEaWYg6Gn5zzVdTaN4AaABAg,nONfEZNWA90,hope ari will have world tour in 2023😭😭😭😭😭😭🙏🙏🙏🙏🙏,Ariana Grande - The Sweetener World Tour Fanmade Movie : presented by concerts by you,tour live performance,,0.0
batch_222_1777698732.csv,70,Ugzw3111QtbP-VRmuGx4AaABAg,fsYw9d6us30,I&#39;m Fine &quot; wished that was on my mind but that&#39;s More Then Can say depressed Pain and words came am I lost or was I Lose n my mind can remember the times it Took to reach another day to Just b alive through out my life Years past so much Now I ✍️ and kept the Hope and faith alive Brother,Problematic - I'm Fine (Official Music Video),problematic song,,0.0
batch_99_1777697854.csv,994,UgyN6lYk1349IURJX1B4AaABAg,kWXydP_vTzY,Faces of Death wasn&#39;t allowed at Blockbuster...however it WAS at Hollywood Video. ALL OF THEM. I worked at Blockbuster for years and rented all of them from Hollywood Video. I will say that they are fairly brutal but such a fun rabbit hole to jump down. I am excited to see this.,Faces of Death (2026) - Movie Review,movie review,,0.0
batch_278_1777699171.csv,871,Ugz6sYGp6QpJLgIT8o14AaABAg,MaTuU5YUH4k,😮,"Ariana Grande - dandelion (Official Music Video) (from the ""brighter days ahead"" short film)",Ariana Grande official music video,,0.0
batch_290_1777699252.csv,66,Ugy7eZh5YR5rI5d_7bx4AaABAg,dIs0MFJ9TRQ,Her voice is so cute and such a bob makes me bob and smile haha,"Ariana Grande Sings ""The Way"" Live On The #LIFTOFF w/ J Cruz & Justin Credible",Ariana Grande live performance,,0.0
batch_214_1777698685.csv,909,UgyDBdBb3-IoeP6--3F4AaABAg,VxBo8BPQbec,👁👄👁,Jiafei - Flop Espresso (Audio),music flop,,0.0
batch_84_1777697754.csv,106,UgzILXAEHSmpohBk1C94AaABAg,SJPu1spHqfk,"Imagine someone answering the phone to say ,7 minute is all i can spare",RESIDENT EVIL – Official Teaser Trailer (4K),official movie trailer,,0.0
batch_161_1777698323.csv,194,UgyZKCRC--hHyytRIZ54AaABAg,fdRC3HU4ZFY,&quot;M. Night shatupon&quot; was brilliant,Honest Trailers | The Worst Movies Ever,worst movie ever,,0.0
batch_354_1777699768.csv,942,UgyZai4AtiUZR7aIyZt4AaABAg,aVAKT9UxJMI,"Her vocal technique is actually pretty hard, she&#39;s such a talented girl",Billie Eilish - everything i wanted (Live From The 63rd GRAMMYs®/2021),Billie Eilish live performance,,0.0
batch_294_1777699281.csv,653,Ugx2qrQ24Q7aQrETzE94AaABAg,SLp7G8dYRlQ,Her voice is just mesmerizing,Ariana Grande - 'Bang Bang' (Live At Capitals Summertime Ball 2016),Ariana Grande live performance,,0.0
batch_93_1777697812.csv,518,UgzW-lmJAnCnUYuUKgl4AaABAg,al8eztwE_pQ,The Beetlejuice is not in this movie. I’m not watching.,Scary Movie | Official Trailer (2026),official movie trailer,,0.0
batch_233_1777698825.csv,220,UgzYSPWI8v32KXnmIO14AaABAg,RUFp8jj4uHM,It is not about the instrument but the player 👌🏾🤟🏾,"$150 Vs $1,900 Banjo! Can You Hear the Difference?",negative music review,,0.0
batch_41_1777697454.csv,129,Ugyvc-TpFFp3EN52Bat4AaABAg,r7YXEMJPWLk,Greetings from INDONESIA 🇮🇩 <br><br>LOVE IT ❤,Stuck On You - Lionel Richie (Boyce Avenue acoustic cover) on Spotify & Apple,cover version song,,0.0
batch_328_1777699567.csv,132,UgxbOXoalEorRXgjgi54AaABAg,i41qWJ6QjPI,14 March who is here?,Beyoncé - I Was Here (United Nations World Humanitarian Day Performance Video),Beyonce live performance,,0.0
batch_329_1777699577.csv,531,UgzJr1clXuq_AcBw-Vh4AaABAg,5zkoTHvo0-E,"You should do Chappell Roan, shes opening for olivia and her album is insane",COWBOY CARTER - Beyoncé ★ Swifties React,Beyonce reaction,,0.0
batch_356_1777699781.csv,541,UgyLx90J6AmOpgiOCId4AaABAg,MgdG91aCsPU,"Verse 1]<br>I had a dream<br>I got everything I wanted<br>Not what you&#39;d think<br>And if I&#39;m bein&#39; honest<br>It might&#39;ve been a nightmare<br>To anyone who might care<br>Thought I could fly (Fly)<br>So I stepped off the Golden, mm<br>Nobody cried (Cried, cried, cried, cried)<br>Nobody even noticed<br>I saw them standing right there<br>Kinda thought they might care (Might care, might care)<br><br>[Pre-Chorus]<br>I had a dream<br>I got everything I wanted<br>But when I wake up, I see<br>You with me<br><br>[Chorus]<br>And you say, &quot;As long as I&#39;m here, no one can hurt you<br>Don&#39;t wanna lie here, but you can learn to<br>If I could change the way that you see yourself<br>You wouldn&#39;t wonder why you hear &#39;they don&#39;t deserve you&#39;&quot;<br><br>[Verse 2]<br>I tried to scream<br>But my head was underwater<br>They called me weak<br>Like I&#39;m not just somebody&#39;s daughter<br>Coulda been a nightmare<br>But it felt like they were right there<br>And it feels like yesterday was a year ago<br>But I don&#39;t wanna let anybody know<br>&#39;Cause everybody wants something from me now<br>And I don&#39;t wanna let &#39;em down<br><br>[Pre-Chorus]<br>I had a dream<br>I got everything I wanted<br>But when I wake up, I see<br>You with me<br><br>[Chorus]<br>And you say, &quot;As long as I&#39;m here, no one can hurt you<br>Don&#39;t wanna lie here, but you can learn to<br>If I could change the way that you see yourself<br>You wouldn&#39;t wonder why you hear &#39;they don&#39;t deserve you&#39;&quot;<br><br>[Outro]<br>If I knew it all then, would I do it again?<br>Would I do it again?<br>If they knew what they said would go straight to my head<br>What would they say instead?<br>If I knew it all then, would I do it again?<br>Would I do it again?<br>If they knew what they said would go straight to my head<br>What would they say instead?",Billie Eilish - everything i wanted (LIVE FROM MEXICO CITY),Billie Eilish live performance,,0.0
batch_29_1777697359.csv,1136,UgzjdefNJ0o_3pZ1XuR4AaABAg,P5JLMp08GC0,my girl said we gotta blast this before 1989 taylors version comes out in 1 hour and 10 minutes lol,[FULL • 4K] Taylor Swift • The 1989 World Tour Live (Remastered) • EAS Channel,tour live performance,,0.0
batch_294_1777699281.csv,1159,UgzyWcjBcAV8MlyIpJl4AaABAg,fGeH483gNOg,"best voice of my generation, period.",Ariana Grande: Imagine,Ariana Grande live performance,,0.0
batch_156_1777698287.csv,1150,Ugy6bm4ZxU-EXrCr4-J4AaABAg,k27mr6p-yhY,You learn more about moviemaking by watching a bad movie than by watching a good one.,Why people keep watching the worst movie ever made,worst movie ever,,0.0
batch_231_1777698803.csv,1051,UgyNxr1rXGkFbY70SVR4AaABAg,FkH11t7WFNs,can we talk about isaac mentioned!!!!,This Was a Bad Year for Pop Music,negative music review,,0.0
batch_239_1777698868.csv,240,UgxcZ7egToWiqkfoWwp4AaABAg,DeumyOzKqgI,Pure poetry...,Adele - Skyfall (Official Lyric Video),Adele official music video,,0.0
batch_32_1777697380.csv,407,Ugy3V2hAU81Lk_0OU614AaABAg,ejA-BuhomgI,UZIIIIIIII,"Lil Uzi Vert - ""XO Tour LIif3"" Live at GOV BALL 2018",tour live performance,,0.0
batch_221_1777698724.csv,58,UgwQQklyCZ9TpEUTIk94AaABAg,G35mUnGN1E8,I&#39;ve been on my own since I was two days two old.. I did 5 years in a federal syick prison. Then 39 years in a federal prison. And have never had family.😢 I miss my dad😢.,Problematic - I'm Not Okay,problematic song,,0.0
